Name,ListName,IMO NO,MMSI
ACAMAR,Scorpio - Handy,9587817,226019000
ASTERION,Scorpio - Handy,9595125,226000000
ATLANTIC JUPITER,Scorpio - Handy,9383962,477201400
ATRIA,Scorpio - Handy,9595137,226099000
CONTI BENGUELA,Scorpio - Handy,9391373,636091569
CONTI EQUATOR,Scorpio - Handy,9391385,636091604
CONTI GREENLAND,Scorpio - Handy,9391397,636091621
CPO ENGLAND,Scorpio - Handy,9353149,235060252
CPO FINLAND,Scorpio - Handy,9353101,235060248
CPO FRANCE,Scorpio - Handy,9347308,235060233
CPO GERMANY,Scorpio - Handy,9353096,235060255
CPO ITALY,Scorpio - Handy,9353137,235060251
CPO NORWAY,Scorpio - Handy,9353113,235060247
CPO RUSSIA,Scorpio - Handy,9353125,235060249
CPO SWEDEN,Scorpio - Handy,9353084,235060253
DUKHAN,Scorpio - Handy,9251286,466217000
JINAN,Scorpio - Handy,9239654,466213000
KRASLAVA,Scorpio - Handy,9314844,538002755
KRISJANIS VALDEMARS,Scorpio - Handy,9314870,538002757
SILENT,Scorpio - Handy,9377652,538090514
SINGLE,Scorpio - Handy,9377664,538090513
SKY,Scorpio - Handy,9380350,538090511
STAR I,Scorpio - Handy,9376945,538090509
STEEL,Scorpio - Handy,9380594,538090510
STI ACTON,Scorpio - Handy,9696553,538005405
STI BATTERSEA,Scorpio - Handy,9691723,538005403
STI BRIXTON,Scorpio - Handy,9686869,538005399
STI CAMDEN,Scorpio - Handy,9688386,538005402
STI CLAPHAM,Scorpio - Handy,9696577,538005407
STI COMANDANTE,Scorpio - Handy,9686857,538005397
STI FINCHLEY,Scorpio - Handy,9696565,538005406
STI FULHAM,Scorpio - Handy,9688374,538005400
STI HACKNEY,Scorpio - Handy,9686883,538005401
STI HAMMERSMITH,Scorpio - Handy,9706463,538005410
STI ROTHERHITHE,Scorpio - Handy,9706475,538005409
STI WEMBLEY,Scorpio - Handy,9691735,538005404
STONE I,Scorpio - Handy,9380582,538090508
STYLE,Scorpio - Handy, 9380570, 538090512
DUKHAN,Scorpio - Handy,9251286,466217000
TORM TEVERE,Torm - Handy,9302126,220556000
TORM SAONE,Torm - Handy,9295323,220570000
TORM OHIO,Torm - Handy,9234678,220562000
TORM LOIRE,Torm - Handy,9282986,220552000
TORM GYDA,Torm - Handy,9425502,220638000
TORM GARONNE,Torm - Handy,9288930,220567000
TORM CHARENTE,Torm - Handy,9230854,220569000
CIELO DI SALERNO,D'Amico - Handy,9717292,249775000
CIELO DI HANOI,D'Amico - Handy,9717280,636017451
CIELO DI CAPRI,D'Amico - Handy,9717278,249435000
CIELO DI ULSAN,D'Amico - Handy,9717266,256902000
CIELO DI GAETA,D'Amico - Handy,9669653,229632000
CIELO DI NEW YORK,D'Amico - Handy,9669665,229631000
CIELO DI GUANGZHOU,D'Amico - Handy,9341512,253131000
SW CAP FERRAT I,D'Amico - Handy,9231614,374419000
PORT STEWART,D'Amico - Handy,9251456,538090300
NORIENT SOLAR,Norient - Handy,9396373,636092756
NORIENT SCORPIUS,Norient - Handy,9436678,636092773
NORIENT SATURN,Norient - Handy,9394040,636092659
NORD FARER,Norient - Handy, 9293947, 657162000
NORD GERANIUM,Norient - Handy,9670937,219512000
NORD GARDENIA,Norient - Handy,9670949,219511000
NORD BELL,Norient - Handy,9309980,220513000
NORD NIGHTINGALE,Norient - Handy,9376816,564365000
NORD SNOW QUEEN,Norient - Handy,9376828,564359000
NORD BUTTERFLY,Norient - Handy,9448310,220617000
NORD SWAN,Norient - Handy,9448322,564637000
BALTIC COMMANDER I,Norient - Handy,9208112,636092648
BALTIC ADVANCE,Norient - Handy,9299862,212182000
BALTIC COMMODORE,Norient - Handy,9260017,636092755
BALTIC SUN II,Norient - Handy,9286059,215795000
BALTIC FAVOUR,Norient - Handy,9327372,229883000
BALTIC FREEDOM,Norient - Handy,9327396,229881000
BALTIC MARINER I,Norient - Handy,9314820,229882000
BALTIC MONARCH,Norient - Handy,9314818,212240000
KEREL,Norient - Handy,9241695,215681000
BALTIC FROST,Norient - Handy,9327401,256495000
GIANNUTRI,Norient - Handy,9286047,215637000
BALTIC WAVE,Norient - Handy,9259991,215870000
BALTIC WIND,Norient - Handy,9261401,215871000
NORD HUMMOCK,Norient - Handy,9352195,219291000
NORD HIGHLANDER,Norient - Handy,9334789,219719000
BALTIC SKY I,Norient - Handy,9228801,215096000
BALTIC SOUL,Norient - Handy,9228813,215110000
BALTIC SAPPHIRE,Norient - Handy,9443425,229880000
BALTIC SWIFT,Norient - Handy,9464376,229879000
ADVANTAGE POINT,Norient - Handy,9327384,538007532
ADVANTAGE PARTY,Norient - Handy,9327360,538007533
ADVANTAGE PARK,Norient - Handy,9295347,538007536
ADVANTAGE PRIDE,Norient - Handy,9314806,538007534
ANDREAS,UPT - Handy,9192741,419001382
AIKATERINI,UPT - Handy,9222168,355947000
ADARA,UPT - Handy,9587829,226044000
LEON HERMES,UPT - Handy,9323560,636013645
AGENA,UPT - Handy,9587831,253356000
CAPE BEIRA,UPT - Handy,9296119,565412000
TORNADO,UPT - Handy,9260067,636018687
CAPE BRADLEY,UPT - Handy,9264271,538001963
CAPE BACTON,UPT - Handy,9264283,538001964
CAPE BEALE,UPT - Handy,9288928,538090338
CAPE BRASILIA,UPT - Handy,9302671,538090337
SW JULIA I,UPT - Handy,9260263,374125000
SW MONACO I,UPT - Handy,9260275,374124000
DUKE I,UPT - Handy,9228784,352642000
CAPE GUINEA,UPT - Handy,9391402,538008082
CONTI HUMBOLDT,UPT - Handy,9391414,636091633
NORDIC AGNETHA,UPT - Handy,9422639,564390000
BALTIC CAPTAIN I,UPT - Handy,9208100,255805885
BALTIC CHIEF I,UPT - Handy,9208124,255805886
BALTIC SEA I,UPT - Handy,9261396,212100000
ASTON I,UPT - Handy, 9225328,371838000
SLOMAN THEMIS,UPT - Handy,9306677,229899000
SLOMAN THETIS,UPT - Handy,9306653,229999000
NORDIC AMY,UPT - Handy,9422641,564431000
NORDIC RUTH,UPT - Handy,9208473,564429000
ALLEGRA,Maersk - Handy,9436707, 247276100
HANS SCHOLL,Maersk - Handy,9247508,636091484
MS SOPHIE,Maersk - Handy,9241798 ,636090888
LAVELA,Maersk - Handy,9381512,235068202
MAERSK ERIK,Maersk - Handy,9316608,564182000
INYALA,Maersk - Handy,9381500,564166000
MS SIMON,Maersk - Handy,9247493, 636091485
MAERSK KATARINA,Maersk - Handy,9431290,566141000
KIRSTEN MAERSK,Maersk - Handy,9431264,220530000
MAERSK KIERA,Maersk - Handy,9431305,566234000
MAERSK KATALIN,Maersk - Handy,9431317,566351000
RHINO,Maersk - Handy,9444508,564224000
KAREN MAERSK,Maersk - Handy,9423712,220529000
MAERSK KATE,Maersk - Handy,9431276,566582000
MAERSK KALEA,Maersk - Handy,9256298,565814000
CHEM HELEN,Maersk - Handy,9340116,636013337
CHEM NICHOLAS,Maersk - Handy,9374416,636013409
BLOOM,Maersk - Handy,9365283,636013026
VS LEIA,Maersk - Handy,9303730,249796000
MAERSK KARA,Maersk - Handy,9374428,565186000
ASTELLA,Maersk - Handy,9587843,228079600
MAERSK ADRIATIC,Maersk - Handy,9636632,566429000
MAERSK AEGEAN,Maersk - Handy,9636644,563269000
CPO LARISA ATHENA,Maersk - Handy,9290490,538090500
FAVOLA,Maersk - Handy,9246786,247069800
BAUCI,Maersk - Handy,9231183,247061100
CPO LARISA HESTIA,Maersk - Handy,9228837,538090499
MAERSK EDGAR,Maersk - Handy,9274630,219397000
MAERSK ERIN,Maersk - Handy,9274628,219410000
STAR N,Maersk - Handy,9411135,371982000
CPO LARISA ARTEMIS,Maersk - Handy,9305532,538090501
MAERSK ARCTIC,Maersk - Handy,9311751,565026000
MAERSK ETIENNE,Maersk - Handy,9274642,219577000
ESTHER,Maersk - Handy,9309382,256945000
MAERSK ELLIOT,Maersk - Handy,9274678,563229000
MAERSK EDWARD,Maersk - Handy,9274654,219571000
ATLANTIC SIRIUS,Maersk - Handy,9455052,477641800
ATLANTIC SYMPHONY,Maersk - Handy,9464560,477617300
ATLANTIC CANYON,Maersk - Handy,9383974,477225800
PERSEUS N,Maersk - Handy,9425497,636016315
AZAHAR,Maersk - Handy,9259915,229847000
ROY MAERSK,Maersk - Handy,9306938,220289000
ROMOE MAERSK,Maersk - Handy,9251406,220209000
RIBE MAERSK,Maersk - Handy,9265407,220222000
MAERSK REMLIN,Maersk - Handy,9252307,309542000
CHEMTRANS RUGEN,Maersk - Handy,9167186,636013194
CHEMTRANS ROUEN,Maersk - Handy,9167174,636013193
CHEMTRANS RIGA,Maersk - Handy,9214745,636013195
ROBERT MAERSK,Maersk - Handy,9237008,220208000
RAS MAERSK,Maersk - Handy,9236999,220188000
MAERSK RHODE ISLAND,Maersk - Handy,9236975,564484000
SKYLARK,Maersk - Handy,9295048,636012414
HANDYTANKERS GLORY,Maersk - Handy,9339624,309553000
KINGFISHER,Maersk - Handy,9295050,636012480
MAERSK RIESA,Maersk - Handy,9252292,308986000
MAERSK BERING,Maersk - Handy,9299422,563654000
MAERSK BRISTOL,Maersk - Handy,9299434,219124000
MAERSK BORNEO,Maersk - Handy,9341445,565343000
MAERSK BEAUFORT,Maersk - Handy,9340594,566502000
MAERSK BELFAST,Maersk - Handy,9299446,566503000
MAERSK BARRY,Maersk - Handy,9299458,219127000
BRITTA MAERSK,Maersk - Handy,9341433,220480000
MAERSK BRIGIT,Maersk - Handy,9340582,563481000
PEONIA,Maersk - Handy,9313436,229848000
ALICE,Hafnia Handy,9644433 ,311000048
AMI,Hafnia Handy,9631383,311076200
BLUE MARLIN,Hafnia Handy,9215115,636014065
HAFNIA RAINIER,Hafnia Handy,9263186,565969000
HAFNIA ROBSON,Hafnia Handy,9263198,565972000
HAFNIA ADAMELLO,Hafnia Handy,9263203,565975000
HAFNIA BERING,Hafnia Handy,9725603,566255000
HAFNIA HOPE,Hafnia Handy,9360415,566015000
HAFNIA KARAVA,Hafnia Handy,9360427,565977000
HAFNIA VICTORIA,Hafnia Handy,9360439,566024000
HAFNIA GREEN,Hafnia Handy,9360441,565978000
HAFNIA MAGELLAN,Hafnia Handy,9725615,566573000
HAFNIA MALACCA,Hafnia Handy,9725627,566577000
HAFNIA SOYA,Hafnia Handy,9729271,566583000
HAFNIA SUNDA,Hafnia Handy,9725639,566579000
HAFNIA TORRES,Hafnia Handy,9729283,566598000
TANKER SPIRIT,Hafnia Handy,9339636,309541000
NORDIC HANNE,Hafnia Handy,9340128,564520000
NORDIC PIA,Hafnia Handy,9340104,564517000
EDITH KIRK,Hafnia Handy,9302657,235081745
MARIE KIRK,Hafnia Handy,9302669,235083559
MOUNT EVEREST,Hafnia Handy,9470985,636091999
MOUNT KIBO,Hafnia Handy,9470997,636092000
OCEAN DIGNITY,Hafnia Handy,9306641,235011530
SIKINOS,Hafnia Handy,9312901, 241448000
SKYROS,Hafnia Handy,9327425,241449000
VS LISBETH,Hafnia Handy,9309978,232005015
VOGE TRUST,Voge Trust,9420863,636091701
ALIA,Navig8 - Handy,9259903,636091488
CAESAR,Navig8 - Handy,9389265,249838000
MISS CLAUDIA,Navig8 - Handy,9293959,538004072
ANCE,Scorpio - MR,9323314, 538002614
CARTAGENA,Scorpio - MR,9389318,642122014
CPO AUSTRALIA,Scorpio - MR,9443140,235084179
CPO CHINA,Scorpio - MR,9434204,235075102
CPO INDIA,Scorpio - MR,9434228,235075105
CPO MALAYSIA,Scorpio - MR,9443164,235084182
CPO NEW ZEALAND,Scorpio - MR, 9443152,235084181
CPO SINGAPORE,Scorpio - MR,9434230,235084184
CRYSTAL BAY,Scorpio - MR,9697624,538005187
ETC NEFERTARI,Scorpio - MR,9399612,636015007
EXCELSIOR BAY,Scorpio - MR,9697612,538005186
GAN-TRIBUTE,Scorpio - MR,9447744, 311036600
GAN-TRIUMPH,Scorpio - MR,9447756,311036700
GAN-TRUST,Scorpio - MR,9447770,311000079
HARRISON BAY,Scorpio - MR, 9697636,538005188
JENNINGS BAY,Scorpio - MR,9717773,538005535
LAFAYETTE BAY,Scorpio - MR,9717785,538005536
MARE DI GENOVA,Scorpio - MR,9326512,247254200
MARE DI VENEZIA,Scorpio - MR, 9326500, 247242400
MISS BENEDETTA,Scorpio - MR,9541306,229079000
SAINT ALBANS BAY,Scorpio - MR,9697648,538005189
STI AMBER,Scorpio - MR,9629926,538004532
STI AQUA,Scorpio - MR,9686704,538005172
STI BATTERY,Scorpio - MR,9688362,538005425
STI BENICIA,Scorpio - MR,9681132,538005414
STI BERYL,Scorpio - MR,9658379,538004693
STI BLACK HAWK,Scorpio - MR,9704453,538005836
STI BOSPHORUS,Scorpio - MR,9785691,538007038
STI BRONX,Scorpio - MR,9706839, 538005418
STI BROOKLYN,Scorpio - MR,9706841,538005417
STI DAMA,Scorpio - MR,9686716,538005173
STI DONALD C TRAUSCHT,Scorpio - MR,9794422,538007042
STI DUCHESSA,Scorpio - MR,9669938, 538005225
STI ESLES II,Scorpio - MR,9794434,538007043
STI FONTVIEILLE,Scorpio - MR,9645786,538005118
STI GALATA,Scorpio - MR,9785689,538007037
STI GARNET,Scorpio - MR,9629952,538004533
STI GRAMERCY,Scorpio - MR,9686766,538005178
STI JARDINS,Scorpio - MR,9794446,538007044
STI LA BOCA,Scorpio - MR, 9785718,538007040
STI LARVOTTO,Scorpio - MR,9645774,538005119
STI LE ROCHER,Scorpio - MR,9645762,538005117
STI LEBLON,Scorpio - MR,9785706,538007039
STI MANHATTAN,Scorpio - MR,9707261, 538005415
STI MAYFAIR,Scorpio - MR,9686730,538005175
STI MEMPHIS,Scorpio - MR,9681156,538006010
STI MERAUX,Scorpio - MR,9681118,538005419
STI MILWAUKEE,Scorpio - MR,9686974,538005532
STI ONYX,Scorpio - MR,9629964,538004536
STI OPERA,Scorpio - MR,9669940,538005269
STI OSCEOLA,Scorpio - MR,9707807,538006005
STI PONTIAC,Scorpio - MR,9704465,538005608
STI QUEENS,Scorpio - MR,9707273,538005416
STI REGINA,Scorpio - MR,9686728,538005174
STI RUBY,Scorpio - MR,9629940,538004535
STI SAN ANTONIO,Scorpio - MR,9681120,538005413
STI SAN TELMO,Scorpio - MR,9794410,538007041
STI SENECA,Scorpio - MR,9704477,538005609
STI SOHO,Scorpio - MR,9686754,538005177
STI ST CHARLES,Scorpio - MR,9681144,538005902
STI TEXAS CITY,Scorpio - MR,9681106,538005412
STI TOPAZ,Scorpio - MR,9629938,538004534
STI TRIBECA,Scorpio - MR,9686742,538005176
STI VENERE,Scorpio - MR,9681390,538005495
STI VILLE,Scorpio - MR,9645798,538005120
STI VIRTUS,Scorpio - MR,9686699, 538005171
STI YORKVILLE,Scorpio - MR,9688350,538005426
SUNNY BAY,Scorpio - MR,9396799,538003115
SUNNY ISLES,Scorpio - MR,9396775,249694000
VUKOVAR,Scorpio - MR,9707819,238005000
ZEFYROS,Scorpio - MR,9515917,354949000
TORM AGNES,Torm - MR,9465992,564958000
TORM AGNETE,Torm - MR,9466013,564452000
TORM ALEXANDRA,Torm - MR,9466001,564458000
TORM ALICE,Torm - MR,9465966,563399000
TORM ALMENA,Torm - MR,9465980,563450000
TORM AMALIE,Torm - MR,9466025,564081000
TORM AMAZON,Torm - MR,9251028,563031700
TORM ANABEL,Torm - MR,9543550,566254000
TORM ARAWA,Torm - MR,9543548,566253000
TORM ASTRID,Torm - MR,9510682,564348000
TORM ASLAUG,Torm - MR,9465978,563411000
TORM ATLANTIC,Torm - MR, 9433509,566428000
TORM CAMILLA,Torm - MR,9263693,220402000
TORM CARINA,Torm - MR,9263708,220407000
TORM CAROLINE,Torm - MR,9262091,220396000
TORM CECILIE,Torm - MR,9215103,220521000
TORM CLARA,Torm - MR,9215098,220406000
TORM FREYA,Torm - MR,9250490,565568000
TORM GERD,Torm - MR,9240897,565580000
TORM GERTRUD,Torm - MR,9240885,565362000
TORM GUNHILD,Torm - MR,9172193,565246000
TORM HELVIG,Torm - MR,9288021,565434000
TORM HORIZON,Torm - MR,9283710,220566000
TORM KANSAS,Torm - MR,9290646,220565000
TORM LAURA,Torm - MR,9375616,220603000
TORM LENE,Torm - MR,9390769,220620000
TORM LILLY,Torm - MR,9392470,220634000
TORM LOTTE,Torm - MR,9392468,220635000
TORM LOUISE,Torm - MR,9392482, 219014000
TORM LOKE,Torm - MR,9301914,564349000
TORM MARY,Torm - MR,9246798,565520000
TORM MOSELLE,Torm - MR,9254240,220563000
TORM NECHES,Torm - MR,9221671,565639000
TORM PLATTE,Torm - MR,9290660,220561000
TORM RAGNHILD,Torm - MR,9290579,565429000
TORM REPUBLICAN,Torm - MR,9290658,220560000
TORM RESILIENCE,Torm - MR,9304588,563789000
TORM ROSETTA,Torm - MR,9254070,220557000
TORM SAN JACINTO,Torm - MR,9247778,220558000
TORM SOVEREIGN,Torm - MR,9797723,563034100
TORM SUPREME,Torm - MR,9797735,563033900
TORM THAMES,Torm - MR,9318333,220555000
TORM THOR,Torm - MR,9712292,564014000
TORM THUNDER,Torm - MR,9712307, 564693000
TORM THYRA,Torm - MR,9250488,565585000
TORM TIMOTHY,Torm - MR,9726487,564015000
TORM TITAN,Torm - MR,9712319,564715000
TORM TORINO,Torm - MR,9712321,564836000
TORM TROILUS,Torm - MR,9726475,565497000
TORM VITA,Torm - MR,9246803,565591000
TORM HARDRADA,Torm - MR,9344007,566978000
TORM ERIC,Torm - MR,9304590,564875000
HIGH CHALLENGE,D'Amico - MR,9740586,636017622
HIGH WIND,D'Amico - MR,9740574,636017621
HIGH TRUST,D'Amico - MR,9696254,636016801
HIGH TRADER,D'Amico - MR,9696242,636016800
HIGH LOYALTY,D'Amico - MR,9681857,229643000
HIGH VOYAGER,D'Amico - MR,9681845,229640000
HIGH DISCOVERY,D'Amico - MR,9674725,229641000
HIGH FREEDOM,D'Amico - MR,9674713,229642000
HIGH SEAS,D'Amico - MR,9455703, 636015336
HIGH TIDE,D'Amico - MR,9455820,636015337
GLENDA MELISSA,D'Amico - MR,9494682,636015000
GLENDA MERYL,D'Amico - MR,9494670,636014999
GLENDA MELODY,D'Amico - MR,9455818, 636014998
GLENDA MELANIE,D'Amico - MR,9455806,636014712
GLENDA MEREDITH,D'Amico - MR, 9494668,636014450
GLENDA MEGAN,D'Amico - MR, 9470911,636014318
HIGH EFFICIENCY,D'Amico - MR,9424649,354648000
HIGH STRENGTH,D'Amico - MR,9424651,357563000
HIGH PROSPERITY,D'Amico - MR,9292357,636015592
HIGH VENTURE,D'Amico - MR,9365817,636012864
HIGH SD YIHE,D'Amico - MR,9325324,477159300
HIGH PRIORITY,D'Amico - MR,9282558,248464000
HIGH ADVENTURER,D'Amico - MR,9788435,352719000
CRIMSON PEARL,D'Amico - MR,9812755,372775000
HIGH PROGRESS,D'Amico - MR,9300996,636012730
HIGH PERFORMANCE,D'Amico - MR,9301005,636012731
HIGH VALOR,D'Amico - MR,9289738,636012522
HIGH COURAGE,D'Amico - MR,9289740,636012523
SW SOUTHPORT I,D'Amico - MR,9272929,374940000
SW TROPEZ I,D'Amico - MR,9272931,372443000
HIGH ENTERPRISE,D'Amico - MR,9363467,356702000
HIGH PEARL,D'Amico - MR,9512757,564591000
CRIMSON JADE,D'Amico - MR,9812743,374954000
CARINA,D'Amico - MR,9573684,565493000
HIGH FORCE,D'Amico - MR,9403346,351838000
SILVER EXPRESS,D'Amico - MR,9380099,355221000
FREJA HAFNIA,D'Amico - MR,9311036,356493000
CITRUS EXPRESS,D'Amico - MR,9311048,352814000
HIGH GLOW,D'Amico - MR,9310812,371179000
HIGH POWER,D'Amico - MR,9282522,351365000
HIGH CURRENT,D'Amico - MR,9400801,353774000
HIGH BEAM,D'Amico - MR,9400849,354070000
PORT SAID,D'Amico - MR,9246475,538090298
FREJA BALTIC,D'Amico - MR,9367683,357736000
HIGH FIDELITY,D'Amico - MR,9689146,636016302
HIGH SUN,D'Amico - MR,9689134,229728000
ATLANTIC MUSE,Norient - MR,9374301,477201100
ARCTIC BLIZZARD,Norient - MR,9350862, 256182000
ARCTIC BAY,Norient - MR,9318034,256396000
ARCTIC BREEZE,Norient - MR,9350850,256174000
atlantica bridge,Norient - MR,9307815,636018758
OMODOS,Norient - MR,9399909,370153000
NORD GAINER,Norient - MR,9448724,219290000
NORD GUARDIAN,Norient - MR,9448712,219289000
UNIQUE GUARDIAN,Norient - MR,9540821,477274100
UNIQUE INFINITY,Norient - MR,9540833,477631400
RIDGEBURY ROSEMARY E,Norient - MR,9439802,538005319
RIDGEBURY ALEXANDRA Z,Norient - MR,9439785,538005322
RIDGEBURY KATHERINE Z,Norient - MR,9439797,538005320
RIDGEBURY CINDY A,Norient - MR,9439773,538005321
RIDGEBURY JOHN B,Norient - MR,9349631,538005424
RIDGEBURY JULIA M,Norient - MR,9333187,538005939
KOURION,Norient - MR,9516258,373953000
NORD PEARL,Norient - MR,9428372,563029500
ARENDAL,Norient - MR,9516222,370297000
NORD STEADY,Norient - MR,9629706,566739000
NORD OCEANIA,Norient - MR,9747120,355280000
NORD OLYMPIA,Norient - MR,9747132,372431000
DL COSMOS,Norient - MR,9365386,441196000
NORD SWIFT,Norient - MR,9692155,219605000
NEW BREEZE,Norient - MR,9561382,370713000
BRIGHT FORTUNE,Norient - MR,9561370,351896000
NAVE DORADO,Norient - MR,9325336,371394000
LEOPARD,Norient - MR,9555307,354628000
NORD INNOVATION,Norient - MR,9555292,370756000
NORD IMAGINATION,Norient - MR,9547506,354828000
NORD INTELLIGENCE,Norient - MR,9561368,538008096
RICH BREEZE,Norient - MR,9380051,355733000
RICH WIND,Norient - MR,9367750,563002600
NORD INTEGRITY,Norient - MR,9568031,563030100
UNIQUE DEVELOPER,Norient - MR,9402809,477748800
RAINBOW STAR,Norient - MR,9380049, 477185200
PAPILLON,Norient - MR,9345659, 308871000
SEA HORIZON,Norient - MR,9258026,229316000
FPMC 19,Norient - MR,9430181, 636014086
JAMES COOK,Norient - MR,9629691,566738000
NORD VALIANT,Norient - MR,9697909,636016740
EAGLE EXPRESS,Norient - MR,9414280,372920000
NORD SUSTAINABLE,Norient - MR,9692143,219603000
NORD SAKURA,Norient - MR,9536820,538004539
NORD SUPERIOR,Norient - MR,9692129,219598000
NORD SUPREME,Norient - MR,9692131,219602000
ORIENT STAR,Norient - MR,9459230,356092000
ANDES,UPT - MR,9540819,209394000
FSL SINGAPORE,UPT - MR,9311725,564187000
FSL HAMBURG,UPT - MR,9311713,564088000
SAM PURPOSE,UPT - MR,9118056,636017098
NAVIGARE PACTOR,Maersk - MR,9583653,219005000
NAVIGARE PARS,Maersk - MR,9583665,219006000
MAERSK MALAGA,Maersk - MR,9447768,563068000
NAVE EQUINOX,Maersk - MR, 9351634,538005166
UNIQUE EXPLORER,Maersk - MR,9425526,477786800
MAERSK MAGELLAN,Maersk - MR,9447732,566549000
NEW DAWN,Maersk - MR,9365362,372777000
BRIGHT DAWN,Maersk - MR,9362372,372639000
PACIFIC ONYX,Maersk - MR,9539597,636015706
PACIFIC ZIRCON,Maersk - MR,9539573,636015704
MAERSK MARMARA,Maersk - MR,9315056,564100000
MAERSK TAMPA,Maersk - MR,9708629,566403000
MAERSK TACOMA,Maersk - MR,9708617,566251000
MAERSK TANGIER,Maersk - MR,9726451,565036000
MAERSK TEESPORT,Maersk - MR,9726463,566143000
MAERSK TRIESTE,Maersk - MR,9732931,563008400
MAERSK TIANJIN,Maersk - MR,9718064,566150000
MAERSK TRENTON,Maersk - MR,9732929,563006100
MAERSK TIMARU,Maersk - MR,9718090,563000300
MAERSK TOKYO,Maersk - MR,9718076,566833000
GREEN POINT,Maersk - MR,9259886,636091389
MAERSK MESSINA,Maersk - MR,9544592,565018000
MAERSK MISSISSIPPI,Maersk - MR,9555319,563115000
NORD ORGANISER,Maersk - MR,9367748,370686000
PACIFIC BERYL,Maersk - MR,9402782,566366000
MAERSK MISUMI,Maersk - MR, 9367724,352555000
MAERSK MEDITERRANEAN,Maersk - MR,9314911,564606000
MAERSK MIZUSHIMA,Maersk - MR,9392389,357075000
MARINE EXPRESS,Maersk - MR,9403322,354715000
QUEEN EXPRESS,Maersk - MR,9403334,355494000
MAHADAH SILVER,Maersk - MR,9718777,538006501
IVER EXACT,Maersk - MR,9307982,236111894
STAVANGER BREEZE,Maersk - MR,9278507,257772000
ASTRAL EXPRESS,Maersk - MR,9258363,477317400
HARI LEELA,Maersk - MR, 9207728, 419001368
IVER EXPERIENCE,Maersk - MR, 9207716, 419001375
MAERSK MISAKI,Maersk - MR,9573658,565861000
MAERSK TORSHAVN,Maersk - MR, 9718088,563101000
ANDES,Hafnia - MR,9540819,209394000
ANJA KIRK,Hafnia - MR,9419723, 219120000
BSL ELSA,Hafnia - MR,9433901,636017986
CHRISTINA KIRK,Hafnia - MR,9414292,235083098
FSL HAMBURG,Hafnia - MR,9311713,564088000
FSL OSAKA,Hafnia - MR,9354519,565176000
FSL SINGAPORE,Hafnia - MR,9311725,564187000
GOTLAND ALIYA,Hafnia - MR,9375604,311045400
GOTLAND CAROLINA,Hafnia - MR,9328132,311046700
GOTLAND MARIEANN,Hafnia - MR,9375575,311037700
GOTLAND SOFIA,Hafnia - MR,9328144,311046600
GUNHILD KIRK,Hafnia - MR,9476812,235081665
HAFNIA ANDROMEDA,Hafnia - MR,9461661,249456000
HAFNIA ANE,Hafnia - MR,9709776,256465000
HAFNIA ATLANTIC,Hafnia - MR,9278519,220301000
HAFNIA CRUX,Hafnia - MR,9461697,219398000
HAFNIA HENRIETTE,Hafnia - MR,9726607, 249345000
HAFNIA KIRSTEN,Hafnia - MR,9732682,249340000
HAFNIA LENE,Hafnia - MR,9726619,256468000
HAFNIA LEO,Hafnia - MR,9476824,256448000
HAFNIA LIBRA,Hafnia - MR,9617959,219484000
HAFNIA LOTTE,Hafnia - MR,9732694,249329000
HAFNIA LUPUS,Hafnia - MR,9461685,219414000
HAFNIA MIKALA,Hafnia - MR,9732709,249836000
HAFNIA NORDICA,Hafnia - MR,9426283,249460000
HAFNIA PEGASUS,Hafnia - MR,9461659,219488000
HAFNIA PHOENIX,Hafnia - MR,9461702,219487000
HAFNIA TAURUS,Hafnia - MR,9461673,249459000
HIMALAYA,Hafnia - MR, 9540807,209406000
HSL ANNA,Hafnia - MR,9434216,636017987
KOUROS,Hafnia - MR,9374507,636013897
LYSIAS,Hafnia - MR,9397511,249294000
MARIANNE KIRK,Hafnia - MR,9419735,235087392
MP MR TANKER 1,Hafnia - MR,9472763,563047700
ORIENT CHALLENGE,Hafnia - MR,9793375,563022700
ORIENT INNOVATION,Hafnia - MR,9793387,563022800
SANMAR SONGBIRD,Hafnia - MR,9259264,538007248
SEAMERIDIAN,Hafnia - MR,9462897,477229100
STAR EAGLE,Hafnia - MR,9321938,353265000
STAR MERLIN,Hafnia - MR,9325609,357324000
BRIGHT DAWN,Heidmar - MR,9362372,372639000
NEW DAWN,Heidmar - MR,9365362,372777000
NAVIG8 SUCCESS,Navig8 - MR,9418133,538003677
SEAWAYS KIMOLOS,Navig8 - MR,9384019,538003217
OCEAN PRINCESS I,Navig8 - MR,9391517,538003578
OCEAN BREEZE,Navig8 - MR,9391529,635961346
NAVIG8 STRENGTH,Navig8 - MR,9418145,538003678
ARDMORE SEAVENTURE,Ardmore - MR,9539925, 538004968
ARDMORE SEAVALIANT,Ardmore - MR,9539913,538004967
ARDMORE ENCOUNTER,Ardmore - MR,9654579, 538005093
ARDMORE ENDEAVOUR,Ardmore - MR,9667942,538005761
ARDMORE ENDURANCE,Ardmore - MR,9654567,538005095
ARDMORE ENGINEER,Ardmore - MR,9654787,538005094
ARDMORE ENTERPRISE,Ardmore - MR,9654555,538005092
ARDMORE EXPLORER,Ardmore - MR,9654581,538005088
ARDMORE EXPORTER,Ardmore - MR,9654775,538005089
ARDMORE SEALEADER,Ardmore - MR,9367712,538005815
ARDMORE SEALIFTER,Ardmore - MR,9367700,538005816
ARDMORE SEAMARINER,Ardmore - MR,9379519, 538005329
ARDMORE SEAMASTER,Ardmore - MR,9271951,538004102
ARDMORE SEATRADER,Ardmore - MR,9240847,538004142
ARDMORE SEALION,Ardmore - MR,9708203,538006129
ARDMORE SEAFOX,Ardmore - MR,9708215,538006130
ARDMORE SEAWOLF,Ardmore - MR,9708227,538006131
ARDMORE SEAHAWK,Ardmore - MR,9708239,538006132
ARDMORE SEAVANGUARD,Ardmore - MR,9637088,538005249
ARDMORE SEAVANTAGE,Ardmore - MR,9637076,538005248
ARDMORE SEAFARER,Ardmore - MR,9310161,538003971
ABTAO,CPTA - MR,9254812,725019920
AKANE,CPTA - MR, 9547520,353172000
AKATSUKI MARU,CPTA - MR,9473729,432809000
ATLANTIC PEGASUS,CPTA - MR,9440136,477852400
ATLANTIC QUEEN,CPTA - MR,9440033,477786500
AXEL,CPTA - MR,#N/A,#N/A
PTI CYGNUS,CPTA - MR,9354260,477593700
CORAL EXPRESS,CPTA - MR,9815850,374715000
DIAMOND EXPRESS,CPTA - MR,9409493,477694500
DONG A KRIOS,CPTA - MR, 9694191, 370697000
DONG A TRITON,CPTA - MR,9686986,370500000
EMERALD EXPRESS,CPTA - MR,9425564,538004150
FPMC 25,CPTA - MR,9433834,636015141
FPMC 26,CPTA - MR,9433846,636015142
HARUNA EXPRESS,CPTA - MR,9317078,477486600
HOUYOSHI EXPRESS II,CPTA - MR,9596258,354331000
ISLAND EXPRESS,CPTA - MR,9363792,477463900
JASMINE EXPRESS,CPTA - MR,9288370,477534400
JUPITER EXPRESS,CPTA - MR,9536832,538004602
JUSTICE EXPRESS,CPTA - MR,9473717,355546000
MAREX EXPRESS,CPTA - MR,9596260,566847000
MERIDIAN EXPRESS,CPTA - MR,9596272,356537000
OAK EXPRESS,CPTA - MR,9405916,477043900
ORCHID EXPRESS,CPTA - MR,9609641,538005223
SEAWAYS ALCESMAR,CPTA - MR,9265861,538002280
SEAWAYS ANTIGMAR,CPTA - MR,9271834,538002283
SEAWAYS ARIADMAR,CPTA - MR,9273624,538002284
SEAWAYS ATHENS,CPTA - MR,9470260,538004377
SEAWAYS KYTHNOS,CPTA - MR,9569841,538004017
SEAWAYS MILOS,CPTA - MR,9470258,538004376
SEAWAYS SKOPELOS,CPTA - MR,9478638,538003726
PEARL EXPRESS,CPTA - MR,9296559,356229000
PINE EXPRESS,CPTA - MR,9405928,477850100
PIONEER EXPRESS,CPTA - MR,9380104,351518000
PRIME EXPRESS,CPTA - MR,9459242,372076000
PTI HERCULES,CPTA - MR,9358307,477214900
PTI ORION,CPTA - MR,9358319,477241100
PUMA,CPTA - MR,9420758,357383000
SAKURA EXPRESS,CPTA - MR,9302865,477434900
SETO EXPRESS,CPTA - MR,9382712, 372383000
SPRUCE EXPRESS,CPTA - MR,9354258,477241300
PTI SEXTANS,CPTA - MR,9358321,477768200
ROSE M,CPTA - MR,9311000,371604000
SUNLIGHT EXPRESS,CPTA - MR,9459266,351001000
SUNSHINE EXPRESS,CPTA - MR,9433808,371294000
TOPAZ EXPRESS,CPTA - MR,9552800,477698500
THOR ACHIEVER,Thoresen - MR,9424857,565929000
THOR MONADIC,Thoresen - MR,9331220,564411000
THOR MAGNHILD,Thoresen - MR,9303041,564415000
THOR MERCURY,Thoresen - MR,9300221,564220000
THOR MENELAUS,Thoresen - MR,9303924,564798000
THOR MADOC,Thoresen - MR,9291389,564794000
THOR MAXIMUS,Thoresen - MR,9291391,564756000
THOR FEARLESS,Thoresen - MR,9317341,566969000
THOR FRIENDSHIP,Thoresen - MR,9424601,565155000
THOR FORTUNE,Thoresen - MR,9424613,564853000
THOR BREEZE,Thoresen - MR,9474802,566985000
THOR BRAVE,Thoresen - MR,9474797,566716000
THOR INSUVI,Thoresen - MR,9298533,566636000
THOR INDEPENDENCE,Thoresen - MR,9222510,564731000
THOR INFINITY,Thoresen - MR,9238466, 564724000
THOR INTEGRITY,Thoresen - MR,9222493,566274000
TAI HAWK,Thoresen - MR,9284556,354740000
SHANGHAI BULKER,Thoresen - MR,9599913,354604000
ODIRIS,Thoresen - MR,9364801,229722000
SINGAPORE BULKER,Thoresen - MR,9599901,356861000
MADONNA III,Thoresen - MR,9373620,416447000
COS PROSPERITY,Thoresen - MR,9308716,565101000
GONG YIN I,Thoresen - MR,#N/A,#N/A
IDC PEARL,Thoresen - MR,9245249,271001254
SHANDONG HAI DA,Thoresen - MR,9621132,477250300
GENCO BOURGOGNE,Thoresen - MR,9490662,538002572
AL DASMA,Scorpio - LR2,9653446,447187000
BAHRA,Scorpio - LR2,9595008,447069000
BNEIDER,Scorpio - LR2,9595010,447089000
DENSA ALLIGATOR,Scorpio - LR2,656890,538005201
DENSA CROCODILE,Scorpio - LR2,9692478,538006029
STI ALEXIS,Scorpio - LR2,9696694,538006038
STI BROADWAY,Scorpio - LR2,9690846,538005513
STI CARNABY,Scorpio - LR2,9708564, 538006075
STI CONDOTTI,Scorpio - LR2,9690810, 538005388
STI CONNAUGHT,Scorpio - LR2,9697600,538005391
STI ELYSEES,Scorpio - LR2,9688829,538005384
STI GALLANTRY,Scorpio - LR2,9712876,538005820
STI GAUNTLET,Scorpio - LR2, 9717137,538005825
STI GLADIATOR,Scorpio - LR2,9722170,538005826
STI GOAL,Scorpio - LR2,9717125, 538005824
STI GRACE,Scorpio - LR2,9722584,538006356
STI GRATITUDE,Scorpio - LR2,9722182,538005819
STI GUARD,Scorpio - LR2,9717101,538005822
STI GUIDE,Scorpio - LR2,9717113, 538005823
STI JERMYN,Scorpio - LR2,9722596,538006357
STI KINGSWAY,Scorpio - LR2,9712852,538006073
STI LAUREN,Scorpio - LR2,9696711,538005512
STI LOMBARD,Scorpio - LR2,9708150,538006344
STI MADISON,Scorpio - LR2,9688831,538005385
STI NAUTILUS,Scorpio - LR2,9712864,538005821
STI ORCHARD,Scorpio - LR2,9690834,538005510
STI OXFORD,Scorpio - LR2,9697595,538005390
STI PARK,Scorpio - LR2,9690793,538005386
STI RAMBLA,Scorpio - LR2,9730880,538005645
STI SANCTITY,Scorpio - LR2,9719707,538006078
STI SAVILE ROW,Scorpio - LR2,9708552,538006074
STI SELATAR,Scorpio - LR2, 9729245, 538005642
STI SLOANE,Scorpio - LR2,9690808,538005387
STI SOLACE,Scorpio - LR2,9708588,538006077
STI SOLIDARITY,Scorpio - LR2,9708576,538006076
STI SPIGA,Scorpio - LR2,9708148,538006343
STI STABILITY,Scorpio - LR2,9712840,538006082
STI STEADFAST,Scorpio - LR2,9719719,538006080
STI SUPREME,Scorpio - LR2,9719721,538006081
STI SYMPHONY,Scorpio - LR2, 9719692, 538006079
STI VENETO,Scorpio - LR2, 9690822, 538005389
STI WINNIE,Scorpio - LR2,9696709,538005511
SWARNA KAMAL,Scorpio - LR2,9467732,419758000
TORM HELENE,Torm - LR2,9143532,565521000
TORM HELLERUP,Torm - LR2,9798002,563054400
TORM HERDIS,Torm - LR2,9797981,563034600
TORM HERMIA,Torm - LR2,9797993,563047500
TORM KRISTINA,Torm - LR2,9169512,220641000
TORM MAREN,Torm - LR2, 9358400, 220602000
FSL PERTH,Torm - LR2,9299355, 566123000
TORM MARINA,Torm - LR2,9319698,219021351
TORM MATHILDE,Torm - LR2,9358412,220629000
TORM GUDRUN,Torm - Aframax,9199127, 220645000
TORM INGEBORG,Torm - Aframax,9243320,565423000
TORM VALBORG,Torm - Aframax,9243318,565025000
SEBAROK SPIRIT,Taurus - Aframax,9572264,311000465
LEYTE SPIRIT,Taurus - Aframax,9484089,311000466
GALWAY SPIRIT,Taurus - Aframax,9312858,311072000
LUZON SPIRIT,Taurus - Aframax,9572276,311000467
GHIBLI,Taurus - Aframax,9417799,636014069
TRYSIL SPIRIT,Taurus - Aframax,9593414,538004025
LIMERICK SPIRIT,Taurus - Aframax,9312860,311476000
MARE ORIENS,Taurus - Aframax,9346873,247254100
HOVDEN SPIRIT,Taurus - Aframax,9596997,538004026
FRONT ANTARES,Frontline - LR2,9745926,538007133
FRONT ALTAIR,Frontline - LR2,9745902,538007007
FRONT CAPELLA,Frontline - LR2,9790995,538007462
FRONT CHEETAH,Frontline - LR2,9686637,538006609
FRONT COUGAR,Frontline - LR2,9686649,538006608
FRONT POLARIS,Frontline - LR2,9791004,538007463
FRONT LION,Frontline - LR2,9664770, 538005737
FRONT PANTHER,Frontline - LR2,9664782,538005863
FRONT PUMA,Frontline - LR2,9664794,538006030
FRONT TIGER,Frontline - LR2,9832559,636018646
FRONT VEGA,Frontline - LR2,9767338,538007216
FRONT POLLUX,Frontline - LR2,9780263,538007461
FRONT SIRIUS,Frontline - LR2,9767340,538007337
FRONT CASTOR,Frontline - Aframax,9780251,538007390
FRONT LEOPARD,Frontline - Aframax,9703320,538006771
FRONT JAGUAR,Frontline - Aframax,9703332,538006772
FRONT LYNX,Frontline - Aframax,9726592,538006769
FRONT OCELOT,Frontline - Aframax,9726580,538006621
SEA BAY,Frontline - Aframax,9439539,477170700
SEA HOPE,Frontline - Aframax,9439541,477170800
LR2 POLARIS,Maersk - LR2,9378620,477141900
LR2 POSEIDON,Maersk - LR2,9378632,477185700
MAERSK PELICAN,Maersk - LR2,9319686,565686000
MAERSK PENGUIN,Maersk - LR2,9319674,565532000
MAERSK PHOENIX,Maersk - LR2,9283291,563463000
SANMAR SANGEET,Maersk - LR2,9279757,538007589
MAERSK PRINCESS,Maersk - LR2,9308948,563607000
MAERSK PRODUCER,Maersk - LR2,9308950,565274000
MAERSK PROGRESS,Maersk - LR2, 9283289,563685000
MAERSK PROMISE,Maersk - LR2,9315458,565151000
AG NEPTUNE,Maersk - LR2,9607734,355549000
JAG LOKESH,Maersk - LR2,9390599,419001313
MAERSK PIPER,Maersk - Aframax,9319703,566330000
DUBAI GLAMOUR,Heidmar - LR2,9402483,538003526
FAIR SEAS,Heidmar - LR2,9405057,538090540
KHAWR ALADID,Heidmar - LR2,9299757,466244000
NORDDOLPHIN,Heidmar - LR2,9779977,255805927
NORDMARLIN,Heidmar - LR2,9779989,255805928
PACIFIC SKY,Heidmar - LR2,9408554,538003470
PHOENIX HOPE,Heidmar - LR2,9390587,370995000
YANG LI HU,Heidmar - LR2,9417177,413975000
ALEGRIA I,Heidmar - Aframax,9543536,373090000
ASPASIA LEMOS,Heidmar - Aframax,9417464,538003480
CHINA DAWN,Heidmar - Aframax,9402249,354306000
DUBAI ANGEL,Heidmar - Aframax,9422524,538003882
DUBAI ATTRACTION,Heidmar - Aframax,9422536,538004172
DUBAI BEAUTY,Heidmar - Aframax,9422548,538004173
DUBAI BRILLIANCE,Heidmar - Aframax,9422550,538004174
DUBAI CHARM,Heidmar - Aframax,9402495,538003617
EVERGLADES,Heidmar - Aframax,9394935,538003321
HONG KONG DAWN,Heidmar - Aframax,9402237,371325000
CELESTIAL,Heidmar - Aframax,9242118,538008016
HS TOSCA,Heidmar - Aframax,9288851,229272000
JAG LATA,Heidmar - Aframax,9237618,419488000
JAG LAVANYA,Heidmar - Aframax,9237412,419506000
JAG LAXMI,Heidmar - Aframax,9568196,419001224
JAG LEELA,Heidmar - Aframax,9568184,419001223
JAG LYALL,Heidmar - Aframax,9308443,419594000
NEW ABILITY,Heidmar - Aframax,9361512,636013683
NEW ACTIVITY,Heidmar - Aframax,9361524,636013708
PHOENIX BEACON,Heidmar - Aframax,9568172,352451000
RIVERSIDE,Heidmar - Aframax,9412464,538003562
SEAWAYS FRAN,Heidmar - Aframax,9213313,538001577
SEAWAYS PORTLAND,Heidmar - Aframax,9213325,538001638
SEAWAYS REDWOOD,Heidmar - Aframax,9607954,538004934
SEAWAYS SHIRLEY,Heidmar - Aframax,9213296,538004852
SEAWAYS YELLOWSTONE,Heidmar - Aframax,9394947,538003322
SEAWAYS YOSEMITE,Heidmar - Aframax,9394959,538003450
SIGMA INTEGRITY,Heidmar - Aframax,9410648,636091685
SIGMA TRIUMPH,Heidmar - Aframax,9410650,636091686
SOUTHPORT,Heidmar - Aframax,9408530,538003268
STAR OSPREY,Heidmar - Aframax,9315068,352797000
STAR SWIFT,Heidmar - Aframax,9258868,538007679
STAVANGER BLISS,Heidmar - Aframax,9364239,259791000
UMLMA,Heidmar - Aframax,9299733,466241000
YANG NING HU,Heidmar - Aframax,9397755,413770000
OLYMPIA I,Jellicoe - Aframax,9187435,636016465
NEW AMORGOS,Jellicoe - Aframax,9370836,371458000
TRIDENT STAR,Jellicoe - Aframax,9707637,477347100
NANYANG STAR,Jellicoe - Aframax,9543524, 566443000
MARIA PRINCESS,Jellicoe - Aframax,9380661,636015349
SAPPORO PRINCESS,Jellicoe - Aframax,9439199,636017817
ASAHI PRINCESS,Jellicoe - Aframax,9411197,240944000
CAPTAIN PARIS,Navig8 - LR2,9692844, 229716000
POLAR BRIGHT,Navig8 - LR2,9732395,538007916
SOUTHERN SPIRIT,Navig8 - LR2,9410894,248055000
POLAR ACE,Navig8 - LR2,9721504,538007794
LADY HENRIETTA,Navig8 - LR2,9604380,229049000
KING PHILIPPOS,Navig8 - LR2,9601194,229046000
CAPTAIN JOHN,Navig8 - LR2,9692832,229717000
CAPTAIN SPIRO,Navig8 - LR2,9692856,229715000
KLEON,Navig8 - LR2,9730945,538006032
MESAIEED,Navig8 - Aframax,9299745,466243000
SEAWAYS SHENANDOAH,Navig8 - Aframax,9607966,538005473
STRIDE,Navig8 - Aframax,9418482,566907000
BAREILLY,Navig8 - Aframax,9299769,636013054
KANPUR,Navig8 - Aframax,9299771, 636013055
AFRA LAUREL,Navig8 - Aframax, 9251810,636015933
AFRA HAWTHORN,Navig8 - Aframax,9247780,636015934
AFRA WILLOW,Navig8 - Aframax,9251822,636015977
AFRAMAX RIO,Navig8 - Aframax,9273844,373641000
AFRAMAX RIVIERA,Navig8 - Aframax,9282912,373638000
SONGA CORAL,Navig8 - Aframax,9314105,538006210
ADS OSLO,Navig8 - Aframax, 9259197,538005593
MARIA BOTTIGLIERI,Navig8 - Aframax,9473066,247314300
RBD GINO FERRETTI,Navig8 - Aframax,9473054,247312700
ETC RAMSIS,Navig8 - Aframax,9260809,636014875
UNITY VENTURE,Navig8 - Aframax,9773739,477023800
WISDOM VENTURE,Navig8 - Aframax,9773741,477021500
TENACITY VENTURE,Navig8 - Aframax,9773052,477010100
VICTORY VENTURE,Navig8 - Aframax,9773040,477043500
PANTELIS,Navig8 - Aframax,9274616,209448000
SPARTO,Navig8 - Aframax,9274800,209055000
CRUDEMED,Navig8 - Aframax,9832547,636018645
CRUDESUN,Navig8 - Aframax,9832559,636018646
ELIA,Aframax Intl,#N/A,#N/A
ACE,Aframax Intl,9389679,538003233
SEAWAYS FRAN,Aframax Intl,9213313,538001577
PHAEDRA BRIGHT 1,Aframax Intl,9213301,538001512
SEAWAYS PORTLAND,Aframax Intl,9213325,538001638
SEAWAYS REDWOOD,Aframax Intl,9607954,538004934
SEAWAYS SHIRLEY,Aframax Intl,9213296,538004852
SEAWAYS YOSEMITE,Aframax Intl,9394959,538003450
YASA GOLDEN BOSPHORUS,Aframax Intl,9334038,538002662
YASA GOLDEN DARDANELLES,Aframax Intl,9339985,538002845
YASA GOLDEN HORN,Aframax Intl,9334040,538002663
YASA GOLDEN MARMARA,Aframax Intl,9337341,538002844
HAMBURG STAR,Scorpio - LR1,9298325,636091186
KING DARWIN,Scorpio - LR1,9374856,538090254
KING DOUGLAS,Scorpio - LR1,9407275,538090314
KITION M,Scorpio - LR1,9321160,352190000
STI EXCEED,Scorpio - LR1,9735608,538005984
STI EXCEL,Scorpio - LR1,9735579,538005990
STI EXCELLENCE,Scorpio - LR1,9735646,538005982
STI EXCELSIOR,Scorpio - LR1,9735581,538005987
STI EXECUTIVE,Scorpio - LR1,9735622,538005988
STI EXPEDITE,Scorpio - LR1,9735593,538005985
STI EXPERIENCE,Scorpio - LR1,9735610,538005989
STI EXPRESS,Scorpio - LR1,9735634,538005983
STI PRECISION,Scorpio - LR1,9760213,538005996
STI PRESTIGE,Scorpio - LR1,9760225,538005995
STI PRIDE,Scorpio - LR1,9737747,538005994
STI PROVIDENCE,Scorpio - LR1,9737759, 538005993
SWARNA KAVERI,Scorpio - LR1,9414840,419759000
TORM EMILIE,Torm - LR1,9277785,220518000
TORM ESTRID,Torm - LR1,9277723,220237000
TORM ISMINI,Torm - LR1,9277797,220258000
TORM SARA,Torm - LR1,9273260, 564111000
TORM SIGNE,Torm - LR1,9290957,563357000
TORM SOFIA,Torm - LR1,9295086,563472000
TORM VENTURE,Torm - LR1,9307798,219021350
THEODOSIA,Navig8 - LR1,9275751,538002272
TALARA,Navig8 - LR1,9569994,538003898
AMALIA,Navig8 - LR1,9330355, 636091197
GINNY,Navig8 - LR1,9327011,636091470
NAVE CIELO,Navig8 - LR1,9301976,319767000
NAVE ANDROMEDA,Navig8 - LR1,9580405,636015407
NAVIG8 HONOR,Navig8 - LR1,9556181,538003756
NAVE CASSIOPEIA,Navig8 - LR1,9589932,636015776
NAVE CETUS,Navig8 - LR1,9589944,636015834
NAVE RIGEL,Navig8 - LR1,9638551,538005015
NAVE ATROPOS,Navig8 - LR1,9638563,538005060
HERMIONE,Navig8 - LR1,9307944,636091469
LIA,Navig8 - LR1,9584152,215218000
BLUEBIRD,Straits Tankers - LR1, 9737515,563407000
BOW PIONEER,Straits Tankers - LR1,9595632,566855000
BREEZY VICTORIA,Straits Tankers - LR1,9321172,308938000
ESTIA,Straits Tankers - LR1,9282778,352800000
EVRIDIKI,Straits Tankers - LR1,9318137,636013156
FPMC P EAGLE,Straits Tankers - LR1,9437658,636014082
FPMC P GLORY,Straits Tankers - LR1,9448164,636014084
FREIGHT MARGIE,Straits Tankers - LR1,9275763, 247273200
GRACE VICTORIA,Straits Tankers - LR1,9321201,564396000
HAFNIA AFRICA,Straits Tankers - LR1,9467811,566242000
HAFNIA ARCTIC,Straits Tankers - LR1,9332640,248952000
HAFNIA AMERICA,Straits Tankers - LR1,9336505,566035000
HAFNIA ASIA,Straits Tankers - LR1,9467809,248949000
HAFNIA AUSTRALIA,Straits Tankers - LR1,9467794,566245000
HAFNIA EUROPE,Straits Tankers - LR1,9336490,565980000
NEXUS VICTORIA,Straits Tankers - LR1,9610389,235108514
IRIS VICTORIA,Straits Tankers - LR1,9564671,538003876
JO REDWOOD,Straits Tankers - LR1,9602722,257932000
JUSTICE VICTORIA,Straits Tankers - LR1,9571038,351743000
KAMOME VICTORIA,Straits Tankers - LR1,9584102,353525000
LILAC VICTORIA,Straits Tankers - LR1,9589815,538004159
MAGIC VICTORIA,Straits Tankers - LR1,9608867,538004722
MARI UGLAND,Straits Tankers - LR1,9326885,257868000
MARIANN,Straits Tankers - LR1,9326897,257917000
MARIBEL,Straits Tankers - LR1, 9326873,257872000
MARIKA,Straits Tankers - LR1,9332614,259777000
MARILEE,Straits Tankers - LR1,9326861,257817000
MARINOR,Straits Tankers - LR1,9332626,259810000
MARITINA,Straits Tankers - LR1,9310848,258003000
N.MARS,Straits Tankers - LR1,9277759,210857000
NEW CENTURY,Straits Tankers - LR1,9288083,636012275
NEW CHALLENGE,Straits Tankers - LR1,9298284,538002086
NEW CHAMPION,Straits Tankers - LR1,9298296,538002087
NEW CONFIDENCE,Straits Tankers - LR1,9298301,538002088
NORD LARKSPUR,Straits Tankers - LR1,9729221,548962000
NORD LAVENDER,Straits Tankers - LR1,9729233,548965000
NORDIC ANNE,Straits Tankers - LR1,9488413,564435000
NORSTAR INTEGRITY,Straits Tankers - LR1,9329758,538003032
NORSTAR INTREPID,Straits Tankers - LR1,9329760,538003031
NORSTAR INVICTUS,Straits Tankers - LR1,9374844,538007665
PALAWAN STAR,Straits Tankers - LR1,9401233,538003334
PHOENIX DREAM,Straits Tankers - LR1,9290311,357209000
PLOUTOS,Straits Tankers - LR1,9327023,309891000
RAYSUT,Straits Tankers - LR1,9402225,370066000
STARLING,Straits Tankers - LR1,9737527,563445000
SUMMIT AFRICA,Straits Tankers - LR1,9550709,210063000
TECTUS,Straits Tankers - LR1,9433016,636014081
VENUS R,Straits Tankers - LR1,9277747,212084000
TWO MILLION WAYS,Straits Tankers - LR1,9334571,209294000
UACC EAGLE,Straits Tankers - LR1,9550694,538004168
UACC FALCON,Straits Tankers - LR1,9550682,538004170
UACC IBN AL HAITHAM,Straits Tankers - LR1,9485631,249580000
UACC IBN SINA,Straits Tankers - LR1,9485629,249497000
SANTA CRUZ I,Heidmar,9259680,636011265
IMPROS,Heidmar,9259692,636011266
DS PROGRESS,Heidmar,9268904,636092443
DS PROMOTER,Heidmar,9252187,636092413
ESTIA,Heidmar,9282778,352800000
LARVIK,Heidmar,9307346,308371000
HAMPSTEAD,Heidmar,9280586,538006457
MINDORO STAR,Heidmar,9441207, 538003490
NEW CHALLENGE,Heidmar,9298284,538002086
PALAWAN STAR,Heidmar,9401233,538003334
PLOUTOS,Heidmar,9327023,309891000
QI LIN ZUO,Heidmar,9435569,413172000
DS PROGRESS,Heidmar - Panamax,9268904,636092443
DS PROMOTER,Heidmar - Panamax,9252187,636092413
ESTIA,Heidmar - Panamax,9282778,352800000
LARVIK,Heidmar - Panamax,9307346,308371000
MINDORO STAR,Heidmar - Panamax,9441207, 538003490
NEW CHALLENGE,Heidmar - Panamax,9298284,538002086
PALAWAN STAR,Heidmar - Panamax,9401233,538003334
PLOUTOS,Heidmar - Panamax,9327023,309891000
QI LIN ZUO,Heidmar - Panamax,9435569,413172000
PGC ASPROPYRGOS,Penfield - Panamax,9283629,311702000
ATHENS STAR,Penfield - Panamax,9298313,232006316
AUGUSTA,Penfield - Panamax,9256236,538006645
AURORA N,Penfield - Panamax,9346445,373051000
CHEMTRANS MOON,Penfield - Panamax,9270488,636090886
CHEMTRANS SEA,Penfield - Panamax,9270490,636090747
FEDOR,Penfield - Panamax,9259317,538090308
GEORGIS NIKOLOS,Penfield - Panamax,9265732,240061000
KING DANIEL,Penfield - Panamax,9407287,538090316
KYRIAKOULA,Penfield - Panamax,9265720,636016121
LONDON STAR,Penfield - Panamax,9330343,636091196
LUMEN N,Penfield - Panamax,9346457,355364000
NEW CONSTELLATION,Penfield - Panamax,9308091,538002090
NEW CONQUEST,Penfield - Panamax,9308089, 538002089
PGC IKAROS,Penfield - Panamax,9283617,311707000
PGC MARINA,Penfield - Panamax,9299563,311000138
RADIANT SEA,Penfield - Panamax,9316244,538005443
SAND SHINER,Penfield - Panamax,9351440,538005358
SHARON SEA,Penfield - Panamax,9316232,636015749
COMPANION,Penfield - Panamax,9282625,311708000
THEO T,Penfield - Panamax,9262194,311538000
ORFEAS,Penfield - Panamax,9358917,309286000
CAPE TAURA,UPT - Panamax,9407251,538007911
CAPE TEMPEST,UPT - Panamax,9407263,538007910
CAPE TAFT,UPT - Panamax,9401221,538090363
CAPE TALLIN,UPT - Panamax,9441154,538003422
CAPE TEXEL,UPT - Panamax,9441192,538090383
CAPE TAMPA,UPT - Panamax,9441166,538090382
CAPE TEES,UPT - Panamax,9441180,538003549
CAPE TROY,UPT - Panamax,9570008,538004190
ANDES,Panamax Intl,9540819,209394000
ARIANE,Panamax Intl,9351464,636092552
AZTEC,Panamax Intl,9265354,372111000
CABO DE HORNOS,Panamax Intl,9311361,357628000
SEAWAYS HELLAS,Panamax Intl,9275725,538002269
CHANTAL,Panamax Intl,9382982,636014805
CHIMBORAZO,Panamax Intl,#N/A,#N/A
COMMANDER,Panamax Intl,9734692,311000392
CONFIDENCE,Panamax Intl,9280366,636012164
COTOPAXI,Panamax Intl,#N/A,#N/A
DANUBIA,Panamax Intl,9258466,636090950
EL JUNIOR PNT,Panamax Intl,9221657,538003673
HELLESPONT PROTECTOR,Panamax Intl,9351452,232012083
INCA,Panamax Intl,9256028,209890000
KERALA,Panamax Intl,9390927,636013350
NORSTAR INVICTUS,Panamax Intl,9374844,538007665
MAYA,Panamax Intl,9256016,212871000
SEAWAYS GOLDMAR,Panamax Intl,9239628, 538002278
SEAWAYS JADEMAR,Panamax Intl,9232606,538002275
SEAWAYS LEYTE,Panamax Intl,9470272,538004255
SEAWAYS LUZON,Panamax Intl,9301940,538002946
SEAWAYS PEARLMAR,Panamax Intl,9232591,538002274
SEAWAYS REYMAR,Panamax Intl,9275749,538002271
SEAWAYS ROSEMAR,Panamax Intl,9232620,538002277
SEAWAYS RUBYMAR,Panamax Intl,9232618,538002276
SEAWAYS SAMAR,Panamax Intl,9470284,538004375
SEAWAYS SILVERMAR,Panamax Intl,9239630,538002279
SEAWAYS VISAYAS,Panamax Intl,9301952,538002947
WORLD HARMONY,Panamax Intl,9382970,636014804
ALIGOTE,GTP - Panamax,9440497,538003857
ALTESSE,GTP - Panamax,9440473,538003856
ARAMON,GTP - Panamax,9440485,538003755
ASPROUDA,GTP - Panamax,9478729,538004832
ATHIRI,GTP - Panamax,9457763,538003994
GINNY,GTP - Panamax,9327011,636091470
HERMIONE,GTP - Panamax,9307944,636091469
LIA,GTP - Panamax,9584152,215218000
